timestamp,metric_name,gpu_id,device,uuid,modelName,Hostname,container,pod,namespace,value,labels_raw
"2025-07-18T20:42:34Z","DCGM_FI_DEV_GPU_UTIL","0","nvidia0","GPU-5fd4f087-86f3-7a43-b711-4771313afc50","NVIDIA H100 80GB HBM3","mtv5-dgx1-hgpu-031","","","","0","DCGM_FI_DRIVER_VERSION=""535.129.03"",Hostname=""mtv5-dgx1-hgpu-031"",UUID=""GPU-5fd4f087-86f3-7a43-b711-4771313afc50"",__name__=""DCGM_FI_DEV_GPU_UTIL"",device=""nvidia0"",gpu=""0"",instance=""mtv5-dgx1-hgpu-031:9400"",job=""dgx_dcgm_exporter"",modelName=""NVIDIA H100 80GB HBM3"""
"2025-07-18T20:42:34Z","DCGM_FI_DEV_GPU_UTIL","1","nvidia1","GPU-bc7a12ab-4998-fdc5-0785-2678a929a142","NVIDIA H100 80GB HBM3","mtv5-dgx1-hgpu-031","","","","100","DCGM_FI_DRIVER_VERSION=""535.129.03"",Hostname=""mtv5-dgx1-hgpu-031"",UUID=""GPU-bc7a12ab-4998-fdc5-0785-2678a929a142"",__name__=""DCGM_FI_DEV_GPU_UTIL"",device=""nvidia1"",gpu=""1"",instance=""mtv5-dgx1-hgpu-031:9400"",job=""dgx_dcgm_exporter"",modelName=""NVIDIA H100 80GB HBM3"""
"2025-07-18T20:42:34Z","DCGM_FI_DEV_POWER_USAGE","0","nvidia0","GPU-5fd4f087-86f3-7a43-b711-4771313afc50","NVIDIA H100 80GB HBM3","mtv5-dgx1-hgpu-031","","","","71.043","DCGM_FI_DRIVER_VERSION=""535.129.03"",Hostname=""mtv5-dgx1-hgpu-031"",UUID=""GPU-5fd4f087-86f3-7a43-b711-4771313afc50"",__name__=""DCGM_FI_DEV_POWER_USAGE"",device=""nvidia0"",gpu=""0"",instance=""mtv5-dgx1-hgpu-031:9400"",job=""dgx_dcgm_exporter"",modelName=""NVIDIA H100 80GB HBM3"""
"2025-07-18T20:42:34Z","DCGM_FI_DEV_GPU_TEMP","0","nvidia0","GPU-5fd4f087-86f3-7a43-b711-4771313afc50","NVIDIA H100 80GB HBM3","mtv5-dgx1-hgpu-031","","","","34","DCGM_FI_DRIVER_VERSION=""535.129.03"",Hostname=""mtv5-dgx1-hgpu-031"",UUID=""GPU-5fd4f087-86f3-7a43-b711-4771313afc50"",__name__=""DCGM_FI_DEV_GPU_TEMP"",device=""nvidia0"",gpu=""0"",instance=""mtv5-dgx1-hgpu-031:9400"",job=""dgx_dcgm_exporter"",modelName=""NVIDIA H100 80GB HBM3"""
"2025-07-18T20:42:34Z","DCGM_FI_DEV_GPU_UTIL","0","nvidia0","GPU-b4ad303b-8791-c856-5bb1-0a4339177bea","NVIDIA H100 80GB HBM3","mtv5-dgx1-hgpu-022","","","","0","DCGM_FI_DRIVER_VERSION=""535.129.03"",Hostname=""mtv5-dgx1-hgpu-022"",UUID=""GPU-b4ad303b-8791-c856-5bb1-0a4339177bea"",__name__=""DCGM_FI_DEV_GPU_UTIL"",device=""nvidia0"",gpu=""0"",instance=""mtv5-dgx1-hgpu-022:9400"",job=""dgx_dcgm_exporter"",modelName=""NVIDIA H100 80GB HBM3"""
"2025-07-18T20:42:34Z","DCGM_FI_DEV_GPU_TEMP","0","nvidia0","GPU-b4ad303b-8791-c856-5bb1-0a4339177bea","NVIDIA H100 80GB HBM3","mtv5-dgx1-hgpu-022","","","","41","DCGM_FI_DRIVER_VERSION=""535.129.03"",Hostname=""mtv5-dgx1-hgpu-022"",UUID=""GPU-b4ad303b-8791-c856-5bb1-0a4339177bea"",__name__=""DCGM_FI_DEV_GPU_TEMP"",device=""nvidia0"",gpu=""0"",instance=""mtv5-dgx1-hgpu-022:9400"",job=""dgx_dcgm_exporter"",modelName=""NVIDIA H100 80GB HBM3"""
"2025-07-18T20:42:34Z","DCGM_FI_DEV_GPU_UTIL","0","nvidia0","GPU-1670a3a8-75da-0ef7-e77e-4f5cbe23119f","NVIDIA H100 80GB HBM3","mtv5-dgx1-hgpu-013","","","","98","DCGM_FI_DRIVER_VERSION=""535.129.03"",Hostname=""mtv5-dgx1-hgpu-013"",UUID=""GPU-1670a3a8-75da-0ef7-e77e-4f5cbe23119f"",__name__=""DCGM_FI_DEV_GPU_UTIL"",device=""nvidia0"",gpu=""0"",instance=""mtv5-dgx1-hgpu-013:9400"",job=""dgx_dcgm_exporter"",modelName=""NVIDIA H100 80GB HBM3"""
"2025-07-18T20:42:34Z","DCGM_FI_DEV_POWER_USAGE","0","nvidia0","GPU-1670a3a8-75da-0ef7-e77e-4f5cbe23119f","NVIDIA H100 80GB HBM3","mtv5-dgx1-hgpu-013","","","","350.5","DCGM_FI_DRIVER_VERSION=""535.129.03"",Hostname=""mtv5-dgx1-hgpu-013"",UUID=""GPU-1670a3a8-75da-0ef7-e77e-4f5cbe23119f"",__name__=""DCGM_FI_DEV_POWER_USAGE"",device=""nvidia0"",gpu=""0"",instance=""mtv5-dgx1-hgpu-013:9400"",job=""dgx_dcgm_exporter"",modelName=""NVIDIA H100 80GB HBM3"""
"2025-07-18T20:42:34Z","DCGM_FI_DEV_GPU_UTIL","4","nvidia4","GPU-0d7a7418-5061-fe86-0edf-f75ba9fe27aa","NVIDIA H100 80GB HBM3","mtv5-dgx1-hgpu-016","","","","100","DCGM_FI_DRIVER_VERSION=""535.129.03"",Hostname=""mtv5-dgx1-hgpu-016"",UUID=""GPU-0d7a7418-5061-fe86-0edf-f75ba9fe27aa"",__name__=""DCGM_FI_DEV_GPU_UTIL"",device=""nvidia4"",gpu=""4"",instance=""mtv5-dgx1-hgpu-016:9400"",job=""dgx_dcgm_exporter"",modelName=""NVIDIA H100 80GB HBM3"""
